"FirstName","LastName","DomainName","UserPassword","SecurityGroups","OU"
"Dustin","Wallace","mstile.se","Karker2022","SEC_Public7,SEC_Tomtar2","Kalix"
"Scott","Davenport","mstile.se","Karker2022","SEC_Public7,SEC_Tomtar2","Kalix"
"Mercedes","Lewis","mstile.se","Karker2022","SEC_Public7,SEC_Tomtar2","Kalix"
"Meagan","Bryan","mstile.se","Karker2022","SEC_Public7,SEC_Tomtar2","Kalix"
"Amy","Landry","mstile.se","Karker2022","SEC_Public7,SEC_Tomtar2","Kalix"
"Jason","Long","mstile.se","Karker2022","SEC_Public7,SEC_Tomtar2","Kalix"
"John","Francis","mstile.se","Karker2022","SEC_Public7,SEC_Tomtar2","Kalix"
"Dana","Foster","mstile.se","Karker2022","SEC_Public7,SEC_Tomtar2","Kalix"
"Randy","Osborn","mstile.se","Karker2022","SEC_Public7,SEC_Tomtar2","Kalix"
"Michelle","Johnson","mstile.se","Karker2022","SEC_Public7,SEC_Tomtar2","Kalix"
"Jonathan","Taylor","mstile.se","Karker2022","SEC_Public7,SEC_Tomtar2","Kalix"
"Paula","Hall","mstile.se","Karker2022","SEC_Public7,SEC_Tomtar2","Kalix"
"Erica","Black","mstile.se","Karker2022","SEC_Public7,SEC_Tomtar2","Kalix"
"Matthew","Gray","mstile.se","Karker2022","SEC_Public7,SEC_Tomtar2","Kalix"
"Heidi","Hale","mstile.se","Karker2022","SEC_Public7,SEC_Tomtar2","Kalix"
"Benjamin","Lin","mstile.se","Karker2022","SEC_Public7,SEC_Tomtar2","Kalix"
"Brittany","Parker","mstile.se","Karker2022","SEC_Public7,SEC_Tomtar2","Kalix"
"Patricia","Flores","mstile.se","Karker2022","SEC_Public7,SEC_Tomtar2","Kalix"
"Linda","Turner","mstile.se","Karker2022","SEC_Public7,SEC_Tomtar2","Kalix"
"Peter","Villegas","mstile.se","Karker2022","SEC_Public7,SEC_Tomtar2","Kalix"
