"FirstName","LastName"
"Amanda","Robinson"
"Thomas","Thompson"
"Christopher","Choi"
"Phillip","Vaughan"
"Alicia","White"
"Robert","Smith"
"David","Gonzalez"
"Amy","Martinez"
"David","Oconnor"
"Katie","Sullivan"
"Amber","Montes"
"Kimberly","Harvey"
"Michael","Gibson"
"Ryan","Taylor"
"Nicholas","Ingram"
"Matthew","Adams"
"Elizabeth","Harris"
"Trevor","Thompson"
"Anthony","Mcdaniel"
"Melanie","Davis"
"Jeanette","Morris"
"Susan","Savage"
"Brittany","Wiley"
"John","Parks"
"Ashley","Garcia"
"Diane","Ellis"
"James","Yates"
"Megan","Gonzalez"
"Kathryn","Summers"
"Robert","Clark"
"Kathryn","Merritt"
"Vincent","Davis"
"Crystal","Conrad"
"Logan","Cole"
"Brandon","French"
"Justin","Brown"
"Jessica","Hood"
"Mariah","Hale"
"Shawn","Ramirez"
"Amber","Simmons"
"Karen","Shaw"
"Alicia","Jones"
"Anthony","Barnett"
"Mark","Larsen"
"Christina","Hall"
"Ian","Dalton"
"Dorothy","Hampton"
"Garrett","Best"
"Nancy","Ward"
"Tabitha","Bray"
"Carolyn","Shannon"
"Matthew","Morales"
"Justin","Nunez"
"Craig","Johnson"
"Sheri","Gonzalez"
"Cheryl","Molina"
"Christopher","Wang"
"Don","Saunders"
"Andrea","Johnson"
"Daniel","Baker"
"David","Quinn"
"Angela","Gibbs"
"Laura","Chan"
"Jacqueline","Chavez"
"Melissa","Smith"
"Heather","Price"
"Nancy","Cameron"
"Patricia","Flores"
"Jordan","Cowan"
"Andrew","Wright"
"Chelsea","Carpenter"
"Angela","Oneill"
"Benjamin","Archer"
"Ian","Petty"
"John","Jimenez"
"Madison","Werner"
"Pamela","Kennedy"
"Ann","Salazar"
"Jeffrey","Castro"
"Samuel","Page"
"Krystal","Miller"
"Krista","Long"
"Brian","Sanchez"
"Brittney","Hayes"
"Gary","Hall"
"Veronica","Caldwell"
"Michael","Marquez"
"William","Townsend"
"Benjamin","Villa"
"Samantha","Meyer"
"Jamie","Kelly"
"Jennifer","Hardy"
"Denise","Hall"
"Candace","Jensen"
"Alexandra","Martin"
"Jeremy","Rose"
"Whitney","Sanders"
"April","Ward"
"Corey","Moore"
"Chad","Merritt"
"Brianna","Sanders"
"Mario","Miller"
"Scott","Wagner"
"Brandon","Walker"
"Betty","Lewis"
"Erica","Lopez"
"Jennifer","Gonzalez"
"Matthew","Garcia"
"Laurie","Scott"
"Ronald","Lin"
"Deborah","Fowler"
"Jessica","Rodriguez"
"Cynthia","Reed"
"Eric","Moore"
"Erica","Alvarez"
"David","Robinson"
"Edward","Dixon"
"Jared","Wood"
"Rodney","Erickson"
"Michael","Brown"
"Steven","Novak"
"Shannon","Hayes"
"Deanna","Williams"
"Allen","Singleton"
"Amanda","Garcia"
"Lauren","Mcbride"
"Johnathan","Tran"
"Ronnie","Byrd"
"Brandon","Johnston"
"Crystal","Snyder"
"Mathew","Wallace"
"Manuel","Guerrero"
"Alexis","Baker"
"Thomas","Sanchez"
"Kimberly","Trevino"
"Jessica","Harrison"
"Timothy","Smith"
"Jonathan","Camacho"
"Brooke","Hahn"
"Marcia","Osborne"
"Nicole","Rodriguez"
"Tonya","Garner"
"Randy","Moon"
"Jordan","Martinez"
"Kathleen","Smith"
"Dustin","Clark"
"Michael","Smith"
"John","Matthews"
"Troy","Tucker"
"Kevin","Hernandez"
"Timothy","Wolfe"
"Michael","Garcia"
"Jonathan","Walker"
"Janice","Thompson"
"Rebecca","Owens"
"Jared","Fox"
"Kimberly","Johnson"
"John","Johnson"
"Katie","Adams"
"Melissa","Parrish"
"Sarah","Mullen"
"Veronica","Meyer"
"Margaret","Lee"
"Jeffrey","Casey"
"Barbara","George"
"Kevin","Thompson"
"Erica","Sherman"
"Diane","Wright"
"Erica","Nichols"
"Michael","Allen"
"Penny","Keller"
"John","Jones"
"Charles","Russell"
"Teresa","Collins"
"Alexis","Morgan"
"Kari","Mccoy"
"Brittany","Mitchell"
"Thomas","Hughes"
"Scott","Espinoza"
"Steven","Cox"
"Todd","Curry"
"Anthony","Maldonado"
"Diana","Hicks"
"Jennifer","Ortega"
"Dustin","Cook"
"Gregory","Moreno"
"Joseph","Barnes"
"Carrie","Ramsey"
"Dennis","Ross"
"Zachary","Taylor"
"Robert","Morgan"
"Scott","Martinez"
"Deborah","Fox"
"Bryan","Harris"
"Linda","Santos"
"Laura","Jackson"
"Emily","Schroeder"
"Juan","Foster"
"Joshua","Esparza"
"Benjamin","Krueger"
"Daniel","Howard"
"Michael","Bailey"
"Veronica","Johnson"
"Corey","Baker"
"Nicole","Williams"
"Scott","Smith"
"Dana","Leon"
"Ryan","Webb"
"Jane","Evans"
"Melissa","Figueroa"
"James","Vaughn"
"John","Gomez"
"Melissa","Oliver"
"Robert","Butler"
"Donald","Washington"
"David","Richmond"
"Timothy","Holland"
"Emily","King"
"Matthew","White"
"Ashley","Massey"
"Jennifer","Smith"
"Thomas","Cummings"
"Ivan","White"
"John","Smith"
"Renee","Mason"
"Chloe","Robertson"
"Kimberly","Wallace"
"Danny","Hurst"
"Brandy","Hernandez"
"Vanessa","Torres"
"Paula","Wallace"
"Trevor","Macdonald"
"Stephanie","Madden"
"Maria","Villanueva"
"James","Burton"
"Kimberly","Murphy"
"Martin","Gutierrez"
"Michelle","Miller"
"Amy","Hines"
"Steven","Williams"
"Meredith","Beck"
"Jennifer","Phillips"
"Veronica","Harris"
"Kent","Russell"
"Rachael","Matthews"
"Richard","Stevens"
"Sarah","Rogers"
"Heather","Serrano"
"Katherine","Cohen"
"Andrew","Faulkner"
"Lisa","Jones"
"Jeremy","Mitchell"
"Kimberly","Lopez"
"Brian","Knapp"
"Sandra","Flores"
"Rebekah","Love"
"Brittany","Collins"
"Scott","Kramer"
"Brent","Li"
"Mario","Benson"
"Richard","Smith"
"Rhonda","Morrow"
"Regina","Hawkins"
"Jay","Wolfe"
"Jessica","Landry"
"Chad","Sharp"
"Ian","Bass"
"Jason","Webster"
"Denise","Bishop"
"Brianna","Walker"
"Amanda","Bryan"
"Richard","Williams"
"Brian","Sweeney"
"Nicholas","Jones"
"Laura","Acosta"
"Suzanne","Cox"
"Kathryn","Ellis"
"Marcus","Wilkins"
"Jimmy","Mitchell"
"Melinda","Warren"
"Vanessa","Nelson"
"Francisco","Anderson"
"Timothy","Morse"
"Lori","Davis"
"Allison","Lee"
"Courtney","Moran"
"Caitlin","Benson"
"Natasha","Sanchez"
"Daniel","Gomez"
"Amy","Davis"
"Marisa","Myers"
"Nancy","Smith"
"Michael","Norton"
"Adam","Ibarra"
"Terrance","Payne"
"John","Sanders"
"Raymond","Shepard"
"Ralph","Fletcher"
"Jonathan","Crawford"
"Ellen","Kent"
"Shawn","Ryan"
"Yesenia","Cunningham"
"Daniel","Fisher"
"Keith","Rogers"
"Kenneth","Henry"
"Kaitlyn","Cain"
"Brenda","Colon"
"Katherine","Soto"
"Charles","Ellis"
"Richard","Mcgee"
"Zachary","Mendez"
"Gary","Evans"
"Julie","Larson"
"Brian","Martin"
"Alexander","Sutton"
"Madeline","Jordan"
"David","Perry"
"Michael","Jimenez"
"Sarah","Oliver"
"Christopher","Rodgers"
"Jerry","Coleman"
"Lauren","Green"
"William","Woods"
"Brian","Solis"
"Jessica","Singleton"
"Sarah","Moore"
"Alexandra","Martinez"
"Jennifer","Shah"
"Scott","Dalton"
"Darlene","Taylor"
"Jasmine","Wade"
"Brenda","Hawkins"
"Anthony","Stevens"
"Evan","Escobar"
"Todd","Williams"
"Jasmin","Gibson"
"Deborah","Price"
"Jessica","Harvey"
"Logan","Bauer"
"Carmen","Miller"
"Mary","Baker"
"Thomas","Goodman"
"Andrew","Smith"
"Christine","Mcintosh"
"Dakota","Schmidt"
"Darin","Luna"
"Rebecca","Gregory"
"Cassandra","Keller"
"Caitlin","Brown"
"Sandra","Burns"
"Christopher","Williams"
"Heather","Palmer"
"Kristen","Garcia"
"Stephanie","Morgan"
"William","Parker"
"Kathy","Wright"
"Erica","Lutz"
"Christopher","Tucker"
"Pamela","Jensen"
"Richard","Davenport"
"Sue","Dennis"
"Beth","Rodriguez"
"Brandon","Jones"
"Henry","Johnson"
"Blake","Pratt"
"Sarah","Curry"
"Paula","Reyes"
"Paul","Price"
"Philip","Valenzuela"
"Laura","Thomas"
"Julia","Mason"
"Jessica","Lewis"
"Pamela","Wilson"
"Dawn","Smith"
"Bradley","Hodge"
"Alan","Ramirez"
"Jesus","Howard"
"Kyle","Ortiz"
"Kristen","Moreno"
"Stephanie","Mayer"
"Julie","Moore"
"Sarah","Allen"
"Mary","Sanchez"
"Daniel","Larsen"
"Joseph","Higgins"
"James","Ryan"
"Thomas","Hall"
"Timothy","Martinez"
"Michael","Martinez"
"Kim","Robles"
"Joshua","Allen"
"Patrick","Torres"
"Courtney","Clarke"
"Robert","Kline"
"Makayla","Schmidt"
"Corey","Garcia"
"Kristi","West"
"Leah","Garza"
"Chase","Baker"
"Brandy","Garcia"
"Misty","Rollins"
"Donald","Beard"
"Morgan","Alexander"
"Frederick","Ellison"
"Felicia","Brown"
"Timothy","Nicholson"
"John","Lopez"
"Ashley","Anderson"
"Kristina","Leon"
"John","Rhodes"
"Deanna","Murray"
"Alyssa","Thompson"
"James","Sanders"
"Christian","Reynolds"
"John","Flores"
"Jason","Wells"
"Adam","Hopkins"
"Sandra","Pena"
"Kimberly","Deleon"
"Jennifer","Hardin"
"Matthew","Tyler"
"Stephen","Michael"
"Mackenzie","Guzman"
"Brandon","Thompson"
"Ashley","Schultz"
"Kelly","Crawford"
"Clayton","Fields"
"Stephanie","Nelson"
"Collin","Griffin"
"Rachel","Thomas"
"Edward","Hernandez"
"Michael","Jenkins"
"Melanie","Gonzalez"
"Margaret","Bennett"
"Connor","Harrell"
"Thomas","Cannon"
"Debra","Craig"
"Jordan","Hill"
"James","Weeks"
"Julia","Oneal"
"Robert","Stevens"
"David","Freeman"
"Nathan","Williams"
"Debra","Hunt"
"Patricia","Scott"
"Anthony","Long"
"Glenda","Jones"
"Alec","Hurley"
"Stacy","Mack"
"Jennifer","Freeman"
"Jake","Schmidt"
"Leslie","Brown"
"Tammie","Russo"
"Thomas","Ramos"
"Joyce","Martin"
"Carol","Sutton"
"John","Cook"
"Jason","Graham"
"Joseph","Williams"
"Jennifer","Gregory"
"Kimberly","Olsen"
"Elizabeth","Hatfield"
"Melissa","Johnson"
"Theodore","Mosley"
"Michael","Bishop"
"David","Clay"
"Kathy","Hutchinson"
"William","Brown"
"Samuel","Mills"
"Erica","Payne"
"Zachary","Burke"
"Laura","Martin"
"Donna","Lawson"
"Paul","Bautista"
"Mary","Mcdonald"
"Johnathan","Hardy"
"Terry","Davis"
"Michelle","Johnston"
"David","Bell"
"Amy","Cook"
"Allison","Bonilla"
"Jennifer","Griffith"
"Michelle","Evans"
"Michael","Robinson"
"Gina","Jennings"
"Stephanie","Moore"
"David","Cooper"
"Deborah","Lewis"
"Sue","Escobar"
"Linda","Anderson"
"Richard","Houston"
"Daniel","Taylor"
"Adrienne","Webb"
"Lisa","Hayes"
"Allen","Edwards"
"Bruce","Hayden"
"Sierra","Wong"
"Jessica","Garcia"
"Jacqueline","Jenkins"
"Allison","Terrell"
"Diana","Johnson"
"Elizabeth","Cook"
"Alicia","Jackson"
"James","Lucero"
"Kevin","Frazier"
"Megan","Gomez"
"Dana","White"
"Michael","Bartlett"
"Sharon","Long"
"Jennifer","Avery"
"William","Riley"
"Kathryn","Boyle"
"Caroline","Robinson"
"Michelle","Brooks"
"Lauren","Turner"
"Nathaniel","Kidd"
"Matthew","Anderson"
"Thomas","Fitzpatrick"
"Mary","Oliver"
"Robert","Singh"
"Michelle","Hill"
"Joanne","Ruiz"
"Amber","Cortez"
"Brenda","Evans"
"Richard","Smith"
"Kristen","Mora"
"Rodney","Morris"
"Lauren","Ellison"
"Maria","Sweeney"
"Melissa","Liu"
"Melissa","Schroeder"
"Eric","Zimmerman"
"Frank","Smith"
"Kari","Cummings"
"Linda","Todd"
"Michael","Daniels"
"James","Perry"
"Carolyn","Owen"
"Andrew","Carter"
"Patrick","Baker"
"Katelyn","Lee"
"Randall","Villegas"
"Timothy","Dixon"
"Charles","Craig"
"Stephanie","Dalton"
"Joseph","Mills"
"Cindy","Guerrero"
"Margaret","Anderson"
"Peter","Hale"
"Holly","Ward"
"Teresa","Sandoval"
"Julie","Miller"
"Sara","Diaz"
"Matthew","King"
"Andrea","Fernandez"
"Gary","Gomez"
"Jillian","Roth"
"Thomas","Coffey"
"Steven","Gutierrez"
"Shawn","Moran"
"Tamara","Smith"
"Alicia","Davis"
"Sean","Phillips"
"Matthew","Campbell"
"Sherri","Hoffman"
"Amy","Nunez"
"Virginia","Kelly"
"Shelia","Shah"
"Robin","Reyes"
"Joshua","Wilson"
"Bobby","Vaughan"
"Cheryl","Carrillo"
"Robert","Bennett"
"Spencer","Underwood"
"Michael","Brewer"
"Darren","Morton"
"Corey","Powell"
"Mark","Coleman"
"Robert","Warner"
"Justin","Gray"
"Gary","Rivera"
"Martha","Stevens"
"Casey","Cunningham"
"Dana","Olson"
"Felicia","Burns"
"Carrie","Humphrey"
"Joseph","Rasmussen"
"Sarah","Thompson"
"Charles","Atkinson"
"Elizabeth","Griffith"
"Debbie","Stuart"
"Christopher","Wagner"
"Ricky","Howe"
"Michael","Freeman"
"Tyler","Williams"
"Steven","Warner"
"Donna","Wallace"
"Pamela","Bennett"
"Brandon","Cunningham"
"Christopher","Black"
"Andrew","Nelson"
"Caroline","Villa"
"Michael","Johnson"
"Tim","Jordan"
"Ross","Williamson"
"Crystal","Mendez"
"Michael","Parker"
"Jennifer","Glover"
"Julie","Werner"
"Jonathan","Nelson"
"Jon","Romero"
"Tiffany","Burns"
"Lisa","Hatfield"
"Joseph","Boyle"
"Michael","Lopez"
"Robert","Jackson"
"Mary","Stanley"
"Heidi","Smith"
"Carl","Landry"
"Eric","Thomas"
"Brenda","Johnson"
"Jamie","Flores"
"Sara","Figueroa"
"William","Hudson"
"Sarah","Watson"
"Sharon","Velasquez"
"Jason","Garza"
"Victoria","Perez"
"Ryan","Reynolds"
"Pamela","Morris"
"Brandon","Richardson"
"Jessica","Peterson"
"Angela","Mcpherson"
"Lisa","Duran"
"John","Moreno"
"Ashley","Ayers"
"Robert","Atkins"
"Cody","Garcia"
"Kristin","Salinas"
"Crystal","Hampton"
"Darlene","Bowen"
"Jennifer","Rivera"
"Ashley","Brown"
"Randy","Walker"
"Daniel","Monroe"
"Elizabeth","Perez"
"Charles","Brandt"
"Victor","Roberts"
"Melissa","Oneal"
"James","Wallace"
"Robert","Bautista"
"Austin","Reynolds"
"Matthew","Everett"
"David","Turner"
"Michelle","Johnson"
"Justin","Clark"
"Brittany","Martin"
"William","Bolton"
"James","Adams"
"Paul","White"
"Becky","Ayala"
"Alex","Vaughn"
"Elizabeth","Mercer"
"Paul","Harris"
"Russell","Gould"
"David","Knapp"
"Teresa","Mcgrath"
"James","Rodriguez"
"Judith","Levy"
"Matthew","Parker"
"Audrey","Juarez"
"Marc","Jones"
"Benjamin","Robinson"
"William","Jones"
"Sheila","Hodges"
"Justin","Francis"
"Vanessa","Lewis"
"Joseph","Jensen"
"Sharon","Hines"
"Joseph","Stanton"
"Michael","Anderson"
"Christopher","Gonzalez"
"Melinda","Moon"
"Luis","Cisneros"
"Katherine","Martinez"
"Sandra","Dickerson"
"Crystal","Craig"
"Chelsea","Love"
"Kelli","Kramer"
"Daniel","Harris"
"Richard","Johnston"
"Kathleen","Bailey"
"Michelle","Flynn"
"Julia","Williams"
"Matthew","Elliott"
"Jeffrey","Powell"
"Christine","Davis"
"Ryan","Hart"
"Sandra","Dixon"
"Carolyn","Johnson"
"Matthew","Johnson"
"Tiffany","Johnson"
"Tina","Lynch"
"Lisa","Lin"
"Dawn","Hall"
"Kimberly","Johnson"
"Christopher","Anderson"
"Christina","Warner"
"Caitlin","Melendez"
"Felicia","Ortega"
"Robert","Peterson"
"Matthew","Davis"
"Kristen","Massey"
"Aaron","Moore"
"Morgan","Saunders"
"Christopher","Stevens"
"Jacob","Duncan"
"Samuel","Bauer"
"Charles","Walls"
"Susan","Norris"
"Joseph","Tucker"
"Brandy","Cruz"
"Karen","Moran"
"Joshua","Ortiz"
"Angel","King"
"Debra","Hernandez"
"Natasha","Howard"
"Justin","Mason"
"Mary","Glover"
"Matthew","Odom"
"Sean","Mitchell"
"Cassie","Terry"
"Jessica","Miller"
"Jennifer","Adams"
"Charles","Odom"
"Aaron","Bernard"
"Jennifer","Miller"
"Sarah","Mills"
"James","King"
"Ryan","Jacobs"
"Jackson","Dunn"
"Paul","Khan"
"Logan","Matthews"
"Meagan","Perez"
"Ryan","Burns"
"Steven","Drake"
"Alex","Obrien"
"Ryan","Arroyo"
"Christina","Marks"
"Jason","Carroll"
"Ashley","Doyle"
"Danielle","Jackson"
"Craig","Mason"
"Scott","Booth"
"John","Drake"
"Angela","Hale"
"Nicole","Payne"
"Morgan","Hicks"
"Richard","Hanson"
"Mary","Long"
"Anna","Sullivan"
"Matthew","Castro"
"Kimberly","King"
"Kiara","Garcia"
"Francisco","Lewis"
"Tammy","Larson"
"David","Perkins"
"Tracy","Perez"
"Mark","Munoz"
"Ronald","Olsen"
"Robert","Fisher"
"Tonya","Lopez"
"Brittany","Mora"
"Robert","Day"
"Nicholas","Phillips"
"Sylvia","Olson"
"Heather","Bonilla"
"Jennifer","Winters"
"Jennifer","Oliver"
"Jim","Solomon"
"Russell","Lang"
"Jennifer","Wheeler"
"Joshua","Foster"
"Adam","Gutierrez"
"Sarah","Smith"
"Mark","Carr"
"Shannon","Wright"
"Juan","Brooks"
"Erica","Chavez"
"Joseph","Smith"
"Blake","Walsh"
"Michael","Meyer"
"Benjamin","Davis"
"Donald","Jackson"
"Jeff","Nguyen"
"Tyler","Hughes"
"Kimberly","Sanders"
"Heather","Baker"
"Adam","Payne"
"Terry","Thompson"
"Rick","Garcia"
"Christopher","Williams"
"Tanya","Franco"
"Dale","Armstrong"
"Kristi","Rivers"
"Diana","Wong"
"John","Mclaughlin"
"Timothy","Roman"
"John","Tucker"
"Kayla","Gonzalez"
"Rebecca","Morrison"
"Martin","Bullock"
"Jesus","Mora"
"Peter","Winters"
"Randy","White"
"Christina","Jones"
"Brittany","Kennedy"
"Paula","Turner"
"Joseph","Phillips"
"Brian","Bates"
"John","Hughes"
"Carla","Mclaughlin"
"Thomas","Brown"
"Dennis","Taylor"
"Daniel","Olsen"
"Kristin","Juarez"
"Samantha","Woods"
"Scott","Leach"
"Scott","Pierce"
"Heather","Leblanc"
"Victoria","Carey"
"Stephen","Parker"
"Paul","Rodriguez"
"Michael","Lara"
"Michael","Schmidt"
"Kathleen","Hill"
"Sara","Bryan"
"Amber","Carpenter"
"Robert","Hernandez"
"Terry","Berry"
"David","Stephenson"
"Theresa","Turner"
"Karen","Arnold"
"Charlotte","Bean"
"Jonathan","Davies"
"Nichole","Dennis"
"Scott","Price"
"Amy","Reynolds"
"Wendy","Hogan"
"Jessica","Kane"
"Heather","Griffin"
"Sarah","Price"
"Sherry","Miller"
"Jodi","Powell"
"Sarah","Griffith"
"Michael","Herrera"
"Robert","Wilson"
"David","Kidd"
"Brittany","Martinez"
"Tiffany","Martin"
"Joseph","Nunez"
"Susan","Ayers"
"Kaitlyn","Zavala"
"Courtney","Gutierrez"
"Timothy","Li"
"Jamie","Johnson"
"Brandy","Leon"
"James","Campbell"
"Juan","Garcia"
"Christopher","Maxwell"
"Sarah","White"
"Shannon","Clay"
"Keith","Romero"
"Eric","Burton"
"Amy","Simmons"
"Brandon","Mendez"
"Amber","Olson"
"Jay","Dawson"
"Kirsten","Johnson"
"Jessica","Weaver"
"Denise","Roth"
"Tiffany","Patton"
"Ashley","Martinez"
"Darryl","Johnson"
"Andrew","Crawford"
"Valerie","Flores"
"Lawrence","Patton"
"Billy","Phillips"
"Lauren","King"
"Harry","Clayton"
"Tricia","Navarro"
"Mark","Evans"
"James","Norris"
"Austin","Sullivan"
"Brooke","Miller"
"Andrew","Wang"
"William","Williams"
"Caitlin","Evans"
"Andre","West"
"Ashley","Holt"
"Amy","Alvarado"
"Bonnie","Glover"
"Bonnie","Cook"
"Joseph","Johns"
"Christopher","Parker"
"Kevin","Murray"
"Kelly","Estrada"
"John","Benson"
"Theresa","Martinez"
"Bobby","Cook"
"Amy","Lopez"
"James","Graves"
"Christine","Turner"
"Robert","Martin"
"Scott","Anderson"
"Stacy","Kim"
"Rachael","Austin"
"Jean","Bailey"
"Timothy","Coleman"
"Tina","Burke"
"Jodi","Gilbert"
"Kimberly","Larsen"
"Patricia","Adams"
"Cynthia","Herrera"
"Michael","Maxwell"
"Mary","Bryan"
"Shawn","Bennett"
"Christopher","Hoffman"
"Samantha","Hodge"
"Sean","Jensen"
"Frank","Obrien"
"Anthony","Curry"
"Michael","Caldwell"
"Sean","Garcia"
"Richard","Lopez"
"Sean","Bowers"
"Anna","Bowman"
"Dennis","Kaufman"
"Steven","Rodriguez"
"Christopher","Tate"
"John","Jackson"
"Andrew","Watkins"
"John","Gibson"
"Brooke","Contreras"
"Laura","Rogers"
"Jesse","Taylor"
"Madison","Reed"
"Krista","Smith"
"Margaret","Moore"
"Mary","Greene"
"Candace","Cortez"
"Leonard","Lopez"
"Brittany","Rivera"
"Barry","Johnson"
"Justin","Smith"
"Richard","Montoya"
"Tina","Petersen"
"Sarah","Jackson"
"Joshua","Wagner"
"Robert","Anderson"
"Joseph","Hunt"
"Natasha","Velez"
"Dustin","Carr"
"David","Osborn"
"Ruth","Rodriguez"
"Whitney","Villanueva"
"Sabrina","Perez"
"Lauren","Cortez"
"Jerry","Kerr"
"Joseph","Wells"
"Brad","Scott"
"Elizabeth","Delacruz"
"Patrick","Torres"
"Anthony","Smith"
"Mercedes","Hanson"
"Charlene","Allen"
"Sarah","Nguyen"
"Allison","Roth"
"Wesley","Blevins"
"Bruce","Gray"
"Nicholas","Henry"
"Curtis","Anderson"
"Heidi","Stewart"
"Travis","Parker"
"Kathy","Dixon"
"Monica","Higgins"
"Julie","Gonzalez"
"Scott","Boone"
"Johnny","Jackson"
"Michael","Parker"
"William","Mcdowell"
"Brandy","Phillips"
"Nathan","Blanchard"
"Jeffrey","Warren"
"Alicia","Potter"
"John","Williams"
"Nancy","Cox"
"Stephanie","Harris"
"George","Campbell"
"Joseph","Lambert"